{"player_x": 2074.2000000000066, "player_y": 374.1999999999996, "player_health": 4, "current_room_x": 0, "current_room_y": 0, "elapsed_time": 13.695260763168335, "xp_counter": 0, "seed": "541601"}