{"player_x": 567.1999999999988, "player_y": 429.1999999999991, "player_health": 5, "current_room_x": 0, "current_room_y": 0, "elapsed_time": 13.98877239227295, "xp_counter": 5, "seed": "591565"}