{"player_x": 442.6, "player_y": 249.8000000000002, "player_health": 4, "current_room_x": 0, "current_room_y": 0, "elapsed_time": 8.226176977157593, "xp_counter": 0, "seed": "787900"}