{"player_x": 445.79999999999893, "player_y": 171.60000000000016, "player_health": 5, "current_room_x": 0, "current_room_y": 0, "elapsed_time": 2.628978967666626, "xp_counter": 0, "seed": "681629"}